"","estimate","std.error"
"adaptive",-0.445494643982356,0.0196254613400885
"uniform",-0.456357768852454,0.0267635736074436
